-- MySQL dump 10.13  Distrib 8.0.38, for Win64 (x86_64)
--
-- Host: localhost    Database: ecommerce_store
-- ------------------------------------------------------
-- Server version	8.0.39

/*!40101 SET @OLD_CHARACTER_SET_CLIENT=@@CHARACTER_SET_CLIENT */;
/*!40101 SET @OLD_CHARACTER_SET_RESULTS=@@CHARACTER_SET_RESULTS */;
/*!40101 SET @OLD_COLLATION_CONNECTION=@@COLLATION_CONNECTION */;
/*!50503 SET NAMES utf8 */;
/*!40103 SET @OLD_TIME_ZONE=@@TIME_ZONE */;
/*!40103 SET TIME_ZONE='+00:00' */;
/*!40014 SET @OLD_UNIQUE_CHECKS=@@UNIQUE_CHECKS, UNIQUE_CHECKS=0 */;
/*!40014 SET @OLD_FOREIGN_KEY_CHECKS=@@FOREIGN_KEY_CHECKS, FOREIGN_KEY_CHECKS=0 */;
/*!40101 SET @OLD_SQL_MODE=@@SQL_MODE, SQL_MODE='NO_AUTO_VALUE_ON_ZERO' */;
/*!40111 SET @OLD_SQL_NOTES=@@SQL_NOTES, SQL_NOTES=0 */;

--
-- Table structure for table `addresses`
--

DROP TABLE IF EXISTS `addresses`;
/*!40101 SET @saved_cs_client     = @@character_set_client */;
/*!50503 SET character_set_client = utf8mb4 */;
CREATE TABLE `addresses` (
  `id` int NOT NULL AUTO_INCREMENT,
  `users_id` int DEFAULT NULL,
  `addresses` varchar(45) NOT NULL,
  `country` varchar(45) NOT NULL,
  `city` varchar(45) DEFAULT NULL,
  `zip` varchar(45) NOT NULL,
  PRIMARY KEY (`id`),
  KEY `fk_addresses_users_id_idx` (`users_id`),
  CONSTRAINT `fk_addresses_users_id` FOREIGN KEY (`users_id`) REFERENCES `users` (`id`) ON DELETE CASCADE ON UPDATE CASCADE
) ENGINE=InnoDB AUTO_INCREMENT=3 DEFAULT CHARSET=utf8mb4 COLLATE=utf8mb4_0900_ai_ci;
/*!40101 SET character_set_client = @saved_cs_client */;

--
-- Dumping data for table `addresses`
--

LOCK TABLES `addresses` WRITE;
/*!40000 ALTER TABLE `addresses` DISABLE KEYS */;
INSERT INTO `addresses` VALUES (1,2,'St John','UK','London','2939'),(2,3,'Mirror ','FRANCE','Paris','3543');
/*!40000 ALTER TABLE `addresses` ENABLE KEYS */;
UNLOCK TABLES;

--
-- Table structure for table `category`
--

DROP TABLE IF EXISTS `category`;
/*!40101 SET @saved_cs_client     = @@character_set_client */;
/*!50503 SET character_set_client = utf8mb4 */;
CREATE TABLE `category` (
  `id` int NOT NULL AUTO_INCREMENT,
  `category_id` int DEFAULT NULL,
  `categoria` varchar(45) DEFAULT NULL,
  PRIMARY KEY (`id`),
  KEY `fk_category_category_id_idx` (`category_id`),
  CONSTRAINT `fk_category_category_id` FOREIGN KEY (`category_id`) REFERENCES `products` (`id`) ON DELETE CASCADE ON UPDATE CASCADE
) ENGINE=InnoDB AUTO_INCREMENT=4 DEFAULT CHARSET=utf8mb4 COLLATE=utf8mb4_0900_ai_ci;
/*!40101 SET character_set_client = @saved_cs_client */;

--
-- Dumping data for table `category`
--

LOCK TABLES `category` WRITE;
/*!40000 ALTER TABLE `category` DISABLE KEYS */;
INSERT INTO `category` VALUES (1,2,'Pc'),(2,1,'Laptop'),(3,3,'Accessories');
/*!40000 ALTER TABLE `category` ENABLE KEYS */;
UNLOCK TABLES;

--
-- Table structure for table `orders`
--

DROP TABLE IF EXISTS `orders`;
/*!40101 SET @saved_cs_client     = @@character_set_client */;
/*!50503 SET character_set_client = utf8mb4 */;
CREATE TABLE `orders` (
  `id` int NOT NULL AUTO_INCREMENT,
  `users_id` int DEFAULT NULL,
  `products_id` int DEFAULT NULL,
  `invoice` varchar(50) DEFAULT NULL,
  `total_price` float DEFAULT NULL,
  `quantity_cart` int NOT NULL,
  `created_at` timestamp NULL DEFAULT CURRENT_TIMESTAMP,
  PRIMARY KEY (`id`),
  KEY `orders_users_id_idx` (`users_id`),
  KEY `orders_products_id_idx` (`products_id`),
  CONSTRAINT `orders_products_id` FOREIGN KEY (`products_id`) REFERENCES `products` (`id`) ON DELETE CASCADE ON UPDATE CASCADE,
  CONSTRAINT `orders_users_id` FOREIGN KEY (`users_id`) REFERENCES `users` (`id`) ON DELETE CASCADE ON UPDATE CASCADE
) ENGINE=InnoDB AUTO_INCREMENT=2 DEFAULT CHARSET=utf8mb4 COLLATE=utf8mb4_0900_ai_ci;
/*!40101 SET character_set_client = @saved_cs_client */;

--
-- Dumping data for table `orders`
--

LOCK TABLES `orders` WRITE;
/*!40000 ALTER TABLE `orders` DISABLE KEYS */;
INSERT INTO `orders` VALUES (1,2,3,'invocice.pdf',26,1,'2024-08-13 19:56:58');
/*!40000 ALTER TABLE `orders` ENABLE KEYS */;
UNLOCK TABLES;

--
-- Table structure for table `permission`
--

DROP TABLE IF EXISTS `permission`;
/*!40101 SET @saved_cs_client     = @@character_set_client */;
/*!50503 SET character_set_client = utf8mb4 */;
CREATE TABLE `permission` (
  `id` int NOT NULL AUTO_INCREMENT,
  `name` varchar(45) NOT NULL,
  PRIMARY KEY (`id`)
) ENGINE=InnoDB AUTO_INCREMENT=9 DEFAULT CHARSET=utf8mb4 COLLATE=utf8mb4_0900_ai_ci;
/*!40101 SET character_set_client = @saved_cs_client */;

--
-- Dumping data for table `permission`
--

LOCK TABLES `permission` WRITE;
/*!40000 ALTER TABLE `permission` DISABLE KEYS */;
INSERT INTO `permission` VALUES (1,'Create_Product'),(2,'Delete_Products'),(3,'Read_Product'),(4,'Update_Product'),(5,'Create_Order'),(6,'Delete__Order'),(7,'Read__Order'),(8,'Update__Order');
/*!40000 ALTER TABLE `permission` ENABLE KEYS */;
UNLOCK TABLES;

--
-- Table structure for table `products`
--

DROP TABLE IF EXISTS `products`;
/*!40101 SET @saved_cs_client     = @@character_set_client */;
/*!50503 SET character_set_client = utf8mb4 */;
CREATE TABLE `products` (
  `id` int NOT NULL AUTO_INCREMENT,
  `name` varchar(45) DEFAULT NULL,
  `price` float NOT NULL,
  `quanty` int DEFAULT NULL,
  `description` varchar(1000) DEFAULT NULL,
  PRIMARY KEY (`id`)
) ENGINE=InnoDB AUTO_INCREMENT=4 DEFAULT CHARSET=utf8mb4 COLLATE=utf8mb4_0900_ai_ci;
/*!40101 SET character_set_client = @saved_cs_client */;

--
-- Dumping data for table `products`
--

LOCK TABLES `products` WRITE;
/*!40000 ALTER TABLE `products` DISABLE KEYS */;
INSERT INTO `products` VALUES (1,'Hp Laptop',250,5,'High quality'),(2,'Pc Dell',350,12,'128GB RAM , 2TB SSD NMVE'),(3,'Keyboard',26,7,'High qualty');
/*!40000 ALTER TABLE `products` ENABLE KEYS */;
UNLOCK TABLES;

--
-- Table structure for table `role_permission`
--

DROP TABLE IF EXISTS `role_permission`;
/*!40101 SET @saved_cs_client     = @@character_set_client */;
/*!50503 SET character_set_client = utf8mb4 */;
CREATE TABLE `role_permission` (
  `role_id` int DEFAULT NULL,
  `permission_id` int DEFAULT NULL,
  KEY `role_permission_role_id_idx` (`role_id`),
  KEY `role_permission_permission_id_idx` (`permission_id`),
  CONSTRAINT `role_permission_permission_id` FOREIGN KEY (`permission_id`) REFERENCES `permission` (`id`) ON DELETE CASCADE ON UPDATE CASCADE,
  CONSTRAINT `role_permission_role_id` FOREIGN KEY (`role_id`) REFERENCES `roles` (`id`) ON DELETE CASCADE ON UPDATE CASCADE
) ENGINE=InnoDB DEFAULT CHARSET=utf8mb4 COLLATE=utf8mb4_0900_ai_ci;
/*!40101 SET character_set_client = @saved_cs_client */;

--
-- Dumping data for table `role_permission`
--

LOCK TABLES `role_permission` WRITE;
/*!40000 ALTER TABLE `role_permission` DISABLE KEYS */;
INSERT INTO `role_permission` VALUES (3,1),(3,2),(3,3),(3,4),(3,5),(3,6),(3,7),(3,8),(2,1),(2,3),(2,4),(2,5),(2,7),(2,8),(1,3),(1,7);
/*!40000 ALTER TABLE `role_permission` ENABLE KEYS */;
UNLOCK TABLES;

--
-- Table structure for table `roles`
--

DROP TABLE IF EXISTS `roles`;
/*!40101 SET @saved_cs_client     = @@character_set_client */;
/*!50503 SET character_set_client = utf8mb4 */;
CREATE TABLE `roles` (
  `id` int NOT NULL AUTO_INCREMENT,
  `name` varchar(45) NOT NULL,
  PRIMARY KEY (`id`)
) ENGINE=InnoDB AUTO_INCREMENT=4 DEFAULT CHARSET=utf8mb4 COLLATE=utf8mb4_0900_ai_ci;
/*!40101 SET character_set_client = @saved_cs_client */;

--
-- Dumping data for table `roles`
--

LOCK TABLES `roles` WRITE;
/*!40000 ALTER TABLE `roles` DISABLE KEYS */;
INSERT INTO `roles` VALUES (1,'Costumer'),(2,'Employee'),(3,'Admin');
/*!40000 ALTER TABLE `roles` ENABLE KEYS */;
UNLOCK TABLES;

--
-- Table structure for table `tracking`
--

DROP TABLE IF EXISTS `tracking`;
/*!40101 SET @saved_cs_client     = @@character_set_client */;
/*!50503 SET character_set_client = utf8mb4 */;
CREATE TABLE `tracking` (
  `id` int NOT NULL AUTO_INCREMENT,
  `orders_id` int DEFAULT NULL,
  `status` enum('Await Delivery','Confirm Received') DEFAULT NULL,
  PRIMARY KEY (`id`),
  KEY `fk_tracking_fk_order_id_idx` (`orders_id`),
  CONSTRAINT `fk_tracking_fk_order_id` FOREIGN KEY (`orders_id`) REFERENCES `orders` (`id`) ON DELETE CASCADE ON UPDATE CASCADE
) ENGINE=InnoDB AUTO_INCREMENT=2 DEFAULT CHARSET=utf8mb4 COLLATE=utf8mb4_0900_ai_ci;
/*!40101 SET character_set_client = @saved_cs_client */;

--
-- Dumping data for table `tracking`
--

LOCK TABLES `tracking` WRITE;
/*!40000 ALTER TABLE `tracking` DISABLE KEYS */;
INSERT INTO `tracking` VALUES (1,1,'Confirm Received');
/*!40000 ALTER TABLE `tracking` ENABLE KEYS */;
UNLOCK TABLES;

--
-- Table structure for table `user_role`
--

DROP TABLE IF EXISTS `user_role`;
/*!40101 SET @saved_cs_client     = @@character_set_client */;
/*!50503 SET character_set_client = utf8mb4 */;
CREATE TABLE `user_role` (
  `user_id` int DEFAULT NULL,
  `role_id` int DEFAULT NULL,
  KEY `user_role_user_id_idx` (`user_id`),
  KEY `user_role_role_id_idx` (`role_id`),
  CONSTRAINT `user_role_role_id` FOREIGN KEY (`role_id`) REFERENCES `roles` (`id`) ON DELETE CASCADE ON UPDATE CASCADE,
  CONSTRAINT `user_role_user_id` FOREIGN KEY (`user_id`) REFERENCES `users` (`id`) ON DELETE CASCADE ON UPDATE CASCADE
) ENGINE=InnoDB DEFAULT CHARSET=utf8mb4 COLLATE=utf8mb4_0900_ai_ci;
/*!40101 SET character_set_client = @saved_cs_client */;

--
-- Dumping data for table `user_role`
--

LOCK TABLES `user_role` WRITE;
/*!40000 ALTER TABLE `user_role` DISABLE KEYS */;
INSERT INTO `user_role` VALUES (1,2),(2,1),(3,3);
/*!40000 ALTER TABLE `user_role` ENABLE KEYS */;
UNLOCK TABLES;

--
-- Table structure for table `users`
--

DROP TABLE IF EXISTS `users`;
/*!40101 SET @saved_cs_client     = @@character_set_client */;
/*!50503 SET character_set_client = utf8mb4 */;
CREATE TABLE `users` (
  `id` int NOT NULL AUTO_INCREMENT,
  `name` varchar(55) DEFAULT NULL,
  `email` varchar(45) NOT NULL,
  `password` varchar(45) NOT NULL,
  PRIMARY KEY (`id`),
  UNIQUE KEY `email_UNIQUE` (`email`)
) ENGINE=InnoDB AUTO_INCREMENT=4 DEFAULT CHARSET=utf8mb4 COLLATE=utf8mb4_0900_ai_ci;
/*!40101 SET character_set_client = @saved_cs_client */;

--
-- Dumping data for table `users`
--

LOCK TABLES `users` WRITE;
/*!40000 ALTER TABLE `users` DISABLE KEYS */;
INSERT INTO `users` VALUES (1,'John','john@john@example.com','er0943090'),(2,'Hunt','hunt@example.com','93o304ow'),(3,'Lebron','lebron@example.com','9430w034');
/*!40000 ALTER TABLE `users` ENABLE KEYS */;
UNLOCK TABLES;
/*!40103 SET TIME_ZONE=@OLD_TIME_ZONE */;

/*!40101 SET SQL_MODE=@OLD_SQL_MODE */;
/*!40014 SET FOREIGN_KEY_CHECKS=@OLD_FOREIGN_KEY_CHECKS */;
/*!40014 SET UNIQUE_CHECKS=@OLD_UNIQUE_CHECKS */;
/*!40101 SET CHARACTER_SET_CLIENT=@OLD_CHARACTER_SET_CLIENT */;
/*!40101 SET CHARACTER_SET_RESULTS=@OLD_CHARACTER_SET_RESULTS */;
/*!40101 SET COLLATION_CONNECTION=@OLD_COLLATION_CONNECTION */;
/*!40111 SET SQL_NOTES=@OLD_SQL_NOTES */;


